,,,,,,,,
,,,,,,,,
,,,,,,,,
,Category,Billed?,Status,Project,Description,Cost Estimate,Invoice,Value Add
,,TRUE,Completed,Systems Audit & Cleanse,,,https://connect.intuit.com/portal/app/CommerceNetwork/view/scs-v1-5389a50dbcb14915903b7072c8887959f4285ae300c44675bd8974640046ac881f98787425da4ce09e5a70c5424d39ce?locale=en_US&utm_source=sharelink,
,,TRUE,Completed,Nurture Campaign - Client Onboarding,,,https://connect.intuit.com/portal/app/CommerceNetwork/view/scs-v1-5389a50dbcb14915903b7072c8887959f4285ae300c44675bd8974640046ac881f98787425da4ce09e5a70c5424d39ce?locale=en_US&utm_source=sharelink,
,,TRUE,Completed,Lead Operations - Lead Flow Optimization,,,,
,,TRUE,Completed,MX Record Error Documentation,,,https://connect.intuit.com/portal/app/CommerceNetwork/view/scs-v1-5389a50dbcb14915903b7072c8887959f4285ae300c44675bd8974640046ac881f98787425da4ce09e5a70c5424d39ce?locale=en_US&utm_source=sharelink,
,"Systems, access & technical cleanup",TRUE,Completed,Systems access audit,"Reviewed need for clean admin access across Google Ads, LSA, Google Business Profile, Analytics, Bluehost, WordPress, GoDaddy, Sitelock, and MyCase.","$1,500–$2,500",,
,"Systems, access & technical cleanup",TRUE,Completed,DNS/email outage triage,"Investigated Pav Law email outage, MX records, Google Workspace routing, Bluehost DNS, GoDaddy/Sitelock changes, and propagation issues.","$1,500–$3,000",,
,"Systems, access & technical cleanup",TRUE,Completed,Email recovery documentation,"Created practical documentation around root cause, resolution steps, and how to respond faster if email/DNS issues happen again.","$750–$1,500",,
,Google Business Profile,FALSE,Completed,GBP content optimization,"Updated public-facing profile content to better support ranking, service relevance, and conversion intent.","$750–$1,500",,
,Google Business Profile,FALSE,Completed,GBP service area cleanup,"Revised service areas, removed overly broad Colorado targeting, and aligned geography with likely high-value case areas.","$500–$1,000",,
,Google Business Profile,FALSE,Completed,GBP hours & contact updates,"Updated weekday/weekend hours, tested online service availability, opened texting, and pushed users toward stronger primary CTAs.","$500–$1,000",,
,Google Business Profile,FALSE,Completed,GBP social-link cleanup,"Removed inactive social links to reduce clutter and focus users on calling, texting, or contacting the firm.",$250–$500,,
,Local Services Ads,TRUE,Completed,LSA audit & optimization,"Reviewed LSA status, budget, spend, lead types, impressions, charged leads, CPL, job types, service areas, and ranking signals.","$2,500–$5,000",,
,Local Services Ads,TRUE,Completed,LSA targeting cleanup,Recommended keeping high-intent criminal defense job types and removing low-value traffic/general law/irrelevant service categories.,"$1,000–$2,000",,
,Local Services Ads,TRUE,Completed,LSA service-area strategy,"Refined county targeting around Denver, Arapahoe, Jefferson, Douglas, El Paso, Teller, and selective expansion areas.","$750–$1,500",,
,Local Services Ads,TRUE,Completed,LSA budget analysis,"Calculated spend pacing, weekly/monthly budget implications, CPL trends, and potential lead volume at higher budget levels.","$1,000–$2,000",,
,Local Services Ads,TRUE,Completed,LSA lead-quality review,"Evaluated phone vs. message leads, noted message quality, call priority, and whether increased budget made sense after optimization.","$750–$1,500",,
,Local Services Ads,TRUE,Completed,LSA operational guidance,"Clarified where to view spend, budget usage, lead status, call recordings, charged leads, and under-spend issues.","$500–$1,000",,
,Intake & sales process,FALSE,Completed,LSA call review,"Reviewed recorded LSA calls and identified script gaps around whether the caller was ready to retain, qualify, or needed follow-up.","$1,000–$2,000",,
,Intake & sales process,FALSE,Completed,Missed-call follow-up texts,"Wrote beginning-of-week, Friday/end-of-week, short, and longer follow-up message options to get prospects to respond.","$500–$1,000",,
,Strategy & project leadership,FALSE,Completed,Client update emails & positioning,"Wrote polished client-facing strategy updates, sponsorship outreach messages, staffing notes, and internal recommendations.","$1,000–$2,000",,
,"Systems, access & technical cleanup",FALSE,Completed,Website issue review,"Identified website risk, contact-form destination concerns, dead links, technical drag, backlink/deep-linking needs, and rebuild considerations.","$1,000–$2,500",,
,Intake & sales process,FALSE,Queue,Traffic intake script,Built practical intake-call reference language for Romina around traffic/criminal defense callers.,"$750–$1,500",,
,Events & partnership strategy,FALSE,WIP,Event sponsorship outreach,"Wrote messages asking publications and event organizers about sponsorship options, inclusions, media kits, and marketing details.","$750–$1,500",,
,Events & partnership strategy,FALSE,Queue,Vendor/partner audience strategy,"Defined why Pav Law should talk with vendors and business owners at events, especially those connected to higher-net-worth audiences.","$750–$1,500",,
,Events & partnership strategy,FALSE,WIP,Target audience profiles,"Developed audience segments including reckless/carefree drivers, high-profile business owners, and event-based referral partners.","$1,000–$2,000",,
,Events & partnership strategy,FALSE,WIP,Booth experience planning,"Researched relaxed, higher-end booth concepts including soft seating, carts, coolers, inflatable options, and living-room-style activation ideas.","$1,000–$2,500",,
,NTGUILT brand campaign,FALSE,WIP,NTGUILT campaign concept,"Built the broader car-show/racing legal-awareness campaign around the 1969 Corvette, NTGUILT plate, Pav Law, and memorable brand recall.","$2,000–$4,000",,
,NTGUILT brand campaign,FALSE,Queue,Promo video concept,"Wrote video direction using Corvette imagery, Colorado motorsports scenes, Pav Law booth, plate closeups, and brand overlays.","$750–$1,500",,
,NTGUILT brand campaign,FALSE,Queue,Visual prompt development,"Created detailed image prompts for Corvette, license plate, window tint, Pav Law tire-table, peacock-feather tint, and booth materials.","$1,500–$3,000",,
,NTGUILT brand campaign,FALSE,Queue,Giveaway/lead magnet ideas,"Developed concepts like Not Guilty chocolate bars, Golden Ticket cards, branded handouts, and event lead capture.","$750–$1,500",,
,Reporting & analysis,FALSE,Queue,Budget-to-lead modeling,Estimated lead volume at different weekly LSA budgets and helped assess whether spend increases made sense.,"$500–$1,000",,
,Reporting & analysis,FALSE,Queue,Dashboard/reporting planning,Identified MyCase and offline reporting limitations and framed a path toward better lead/client tracking.,"$1,000–$2,500",,
,,FALSE,Queue,Digital Profiles Clean Up - ,,,,
,,FALSE,Queue,Event Package - PPIR,,,,
,,FALSE,Queue,Live Event(s) Marketing Plan & Schedule Management,,,,
,Strategy & project leadership,FALSE,Queue,Revenue-channel planning,"Framed Pav Law’s strongest near-term channels around LSA, Google Ads, Google Business Profile, events, intake, and brand recall.","$1,000–$2,000",,
,,,WIP,Minor Website Updates,"Simplified main navigation, accelerated web speed, ",,,
,Strategy & project leadership,FALSE,Completed,Marketing strategy shift,"Developed recommendation to reduce overdependence on PPC, keep digital ads moving, improve website/SEO foundation, and add in-person lead generation through events.","$1,500–$3,000",,
,Google Business Profile,FALSE,WIP,Attorney/profile verification support,"Drafted outreach to Casey explaining Google verification, GBP value, business ranking impact, and personal visibility benefit.","$500–$1,000",,
,Google Ads,FALSE,Completed,Search campaign planning,"Built campaign/ad group strategy across DUI, domestic violence, Arapahoe County, false accusations, traffic/court, felony defense, and military-related defense.","$2,000–$4,500",,
,Google Ads,FALSE,Completed,Keyword & description work,"Reworked headlines/descriptions for stronger legal keywords, better engagement, and Google Ads character limits.","$1,000–$2,000",,
,Google Ads,FALSE,WIP,Call-only campaign troubleshooting,"Reviewed zero-impression issues, billing/click discrepancies, CPC concerns, campaign readiness, budget changes, and when to wait before editing.","$1,000–$2,000",,
,Google Ads,FALSE,WIP,Ad extension/sitelink strategy,"Created and refined sitelink concepts, private case review wording, contact-page routing, and campaign-specific messaging.","$750–$1,500",,
,Google Ads,FALSE,WIP,UTM tracking setup,Added tracking logic for Pav Law contact-page URLs and campaign-level source/medium/campaign tagging.,"$500–$1,000",,
,Google Ads,FALSE,WIP,Policy-safe ad creative prompts,Reworked Demand Gen and image-ad descriptions to avoid policy problems while keeping realistic criminal-defense themes.,"$1,000–$2,500",,
,Google Ads,FALSE,WIP,Audience & customer match guidance,"Reviewed customer match data questions, first/last name usefulness, zip code targeting, and audience-building basics.","$500–$1,000",,
,Microsoft Ads,FALSE,WIP,Microsoft Ads import guidance,Advised on Microsoft Ads setup/import logic and what fields/settings should be checked.,"$500–$1,000",,
,Intake & sales process,FALSE,WIP,Speed-to-lead recommendations,"Recommended better phone coverage, texting, faster response windows, and intake improvements tied to LSA lead quality.","$750–$1,500",,
,Reporting & analysis,FALSE,WIP,LSA performance summaries,"Summarized impressions, CPL, charged leads, call/message split, top impression rate, and spend trends for decision-making.","$750–$1,500",,
,Reporting & analysis,FALSE,WIP,Geographic targeting support,Built zip/county targeting support for Colorado counties and campaign planning.,"$500–$1,000",,
,,FALSE,,MyCase - System admin, and field clean up to increase data ,,,
,,FALSE,,Website Rebuild,,,,
,,FALSE,,CRM/Marketing System Cutover,,,,
,,FALSE,,Lead Operations - Intake Forms/ Platforms,,,,
,,FALSE,,Event Package - Oktoberfest/ Festivals,,,,
,,FALSE,,Nurture Campaign - Financing & Payments,,,,
,,FALSE,,Nurture Campaign - Referrals,,,,
,,FALSE,,Golden Ticket Chocolate Bar,,,,
,Google Ads,FALSE,Completed,Google Ads campaign buildout,"Built active Google Ads campaigns with structured targeting, keyword themes, call-focused conversion strategy, ad copy, sitelinks, URLs, and campaign-level organization.","$3,000–$6,000",,
,Google Ads,FALSE,,,,,,
,Microsoft Ads,FALSE,Completed,Microsoft Ads campaign buildout,"Built out Microsoft Ads campaigns to complement Google Ads, expand search coverage, and capture additional high-intent legal search traffic.","$1,500–$3,500",,
,Microsoft Ads,FALSE,,,,,,
,Paid Search Management,FALSE,Completed,Cross-platform paid search optimization Daily monitoring & refinement,"Managed Google Ads and Microsoft Ads together as part of a broader paid search system, refining targeting around better-fit criminal defense leads instead of low-quality traffic. Monitored campaigns daily, reviewed early performance signals, adjusted targeting, assessed impressions/clicks/CPCs, and refined toward stronger lead quality.","$2,000–$4,500",,
,,FALSE,,,"Strengthen content attribution to specific attorneys
Ensure NAP consistency across all platforms
Add schema markup to your website",,,
,,FALSE,Completed,Optimized website performance up by 200%,,,,
,,FALSE,WIP,Find correct CRM Tool,,,,
,,FALSE,,,,,,
,,FALSE,,Events Management,"Update URLS for event coordinators tracking, register for events, purchas swag, inventory of current merchandise, ",,,
,,FALSE,,Digital profiles,Make consistent for beginning of the event rollout,,,
,,FALSE,,Digital profiles,"Make expanded proposal package for presence if the first few events go well, ",,,
,,FALSE,,,"How many mechanics do you have now? Do you have your flyers and cards in their lobbies? If so have you ever gotten leads from any? If not would be worth considering poster, flyer, business card, candy dispenser sponsored by Pav Law because you're already having a bad day. ",,,
,,FALSE,,,,,,
,,FALSE,,,,,,
,,FALSE,,,,,,
,,FALSE,,,,,,
,,FALSE,,,,,,
,,FALSE,,,,,,
,,FALSE,,,,,,
,,FALSE,,,,,,
,,FALSE,,,,,,
,,FALSE,,,,,,
,,FALSE,,,,,,
,,FALSE,,,,,,
,,FALSE,,,,,,
,,FALSE,,,,,,
,,FALSE,,,,,,
,,FALSE,,,,,,
,,FALSE,,,,,,
,,FALSE,,,,,,
,,FALSE,,,,,,
,,FALSE,,,,,,
,,FALSE,,,,,,
,,FALSE,,,,,,
,,FALSE,,,,,,
,,FALSE,,,,,,
,,FALSE,,,,,,
,,FALSE,,,,,,
,,FALSE,,,,,,
,,FALSE,,,,,,
,,FALSE,,,,,,
,,FALSE,,,,,,
,,FALSE,,,,,,
,,FALSE,,,,,,
,,FALSE,,,,,,
,,FALSE,,,,,,
,,FALSE,,,,,,
,,FALSE,,,,,,
,,FALSE,,,,,,
,,FALSE,,,,,,
,,FALSE,,,,,,
,,FALSE,,,,,,
,,FALSE,,,,,,
,,FALSE,,,,,,
,,FALSE,,,,,,
,,FALSE,,,,,,
,,FALSE,,,,,,
,,FALSE,,,,,,
,,FALSE,,,,,,
,,FALSE,,,,,,
,,FALSE,,,,,,
,,FALSE,,,,,,
,,FALSE,,,,,,
,,FALSE,,,,,,
,,FALSE,,,,,,
,,FALSE,,,,,,
,,FALSE,,,,,,
,,FALSE,,,,,,
,,FALSE,,,,,,
,,FALSE,,,,,,
,,FALSE,,,,,,
,,FALSE,,,,,,
,,FALSE,,,,,,
,,FALSE,,,,,,
,,FALSE,,,,,,
,,FALSE,,,,,,
,,FALSE,,,,,,
,,FALSE,,,,,,
,,FALSE,,,,,,
,,FALSE,,,,,,
,,FALSE,,,,,,
,,FALSE,,,,,,
,,FALSE,,,,,,
,,FALSE,,,,,,
,,FALSE,,,,,,
,,FALSE,,,,,,
,,FALSE,,,,,,
,,FALSE,,,,,,
,,FALSE,,,,,,
,,FALSE,,,,,,
,,FALSE,,,,,,
,,FALSE,,,,,,
,,FALSE,,,,,,
,,FALSE,,,,,,
,,FALSE,,,,,,
,,FALSE,,,,,,
,,FALSE,,,,,,
,,FALSE,,,,,,
,,FALSE,,,,,,
,,FALSE,,,,,,
,,FALSE,,,,,,
,,FALSE,,,,,,
,,FALSE,,,,,,
,,FALSE,,,,,,
,,FALSE,,,,,,
,,FALSE,,,,,,
,,FALSE,,,,,,
,,FALSE,,,,,,
,,FALSE,,,,,,
,,FALSE,,,,,,
,,FALSE,,,,,,
,,FALSE,,,,,,
,,FALSE,,,,,,
,,FALSE,,,,,,
,,FALSE,,,,,,
,,FALSE,,,,,,
,,FALSE,,,,,,
,,FALSE,,,,,,
,,FALSE,,,,,,
,,FALSE,,,,,,
,,FALSE,,,,,,
,,FALSE,,,,,,
,,FALSE,,,,,,
,,FALSE,,,,,,
,,FALSE,,,,,,
,,FALSE,,,,,,
,,FALSE,,,,,,
,,FALSE,,,,,,
,,FALSE,,,,,,
,,FALSE,,,,,,
,,FALSE,,,,,,
,,FALSE,,,,,,
,,FALSE,,,,,,
,,FALSE,,,,,,
,,FALSE,,,,,,
,,FALSE,,,,,,
,,FALSE,,,,,,
,,FALSE,,,,,,
,,FALSE,,,,,,
,,FALSE,,,,,,
,,FALSE,,,,,,
,,FALSE,,,,,,
,,FALSE,,,,,,
,,FALSE,,,,,,
,,FALSE,,,,,,
,,FALSE,,,,,,
,,FALSE,,,,,,
,,FALSE,,,,,,
,,FALSE,,,,,,
,,FALSE,,,,,,
,,FALSE,,,,,,
,,FALSE,,,,,,
,,FALSE,,,,,,
,,FALSE,,,,,,
,,FALSE,,,,,,
,,FALSE,,,,,,
,,FALSE,,,,,,
,,FALSE,,,,,,
,,FALSE,,,,,,
,,FALSE,,,,,,
,,FALSE,,,,,,
,,FALSE,,,,,,
,,FALSE,,,,,,
,,FALSE,,,,,,
,,FALSE,,,,,,
,,FALSE,,,,,,
,,FALSE,,,,,,
,,FALSE,,,,,,
,,FALSE,,,,,,
,,FALSE,,,,,,
,,FALSE,,,,,,
,,FALSE,,,,,,
,,FALSE,,,,,,
,,FALSE,,,,,,
,,FALSE,,,,,,
,,FALSE,,,,,,
,,FALSE,,,,,,
,,FALSE,,,,,,
,,FALSE,,,,,,
,,FALSE,,,,,,
,,FALSE,,,,,,
,,FALSE,,,,,,
,,FALSE,,,,,,
,,FALSE,,,,,,
,,FALSE,,,,,,
,,FALSE,,,,,,
,,FALSE,,,,,,
,,FALSE,,,,,,
,,FALSE,,,,,,
,,FALSE,,,,,,
,,FALSE,,,,,,
,,FALSE,,,,,,
,,FALSE,,,,,,
,,FALSE,,,,,,
,,FALSE,,,,,,
,,FALSE,,,,,,
,,FALSE,,,,,,
,,FALSE,,,,,,
,,FALSE,,,,,,
,,FALSE,,,,,,
,,FALSE,,,,,,
,,FALSE,,,,,,
,,FALSE,,,,,,
,,FALSE,,,,,,
,,FALSE,,,,,,
,,FALSE,,,,,,
,,FALSE,,,,,,
,,FALSE,,,,,,
,,FALSE,,,,,,
,,FALSE,,,,,,
,,FALSE,,,,,,
,,FALSE,,,,,,
,,FALSE,,,,,,
,,FALSE,,,,,,
,,FALSE,,,,,,
,,FALSE,,,,,,
,,FALSE,,,,,,
,,FALSE,,,,,,
,,FALSE,,,,,,
,,FALSE,,,,,,
,,FALSE,,,,,,
,,FALSE,,,,,,
,,FALSE,,,,,,
,,FALSE,,,,,,
,,FALSE,,,,,,
,,FALSE,,,,,,
,,FALSE,,,,,,
,,FALSE,,,,,,
,,FALSE,,,,,,
,,FALSE,,,,,,
,,FALSE,,,,,,
,,FALSE,,,,,,
,,FALSE,,,,,,
,,FALSE,,,,,,
,,FALSE,,,,,,
,,FALSE,,,,,,
,,FALSE,,,,,,
,,FALSE,,,,,,
,,FALSE,,,,,,
,,FALSE,,,,,,
,,FALSE,,,,,,
,,FALSE,,,,,,
,,FALSE,,,,,,
,,FALSE,,,,,,
,,FALSE,,,,,,
,,FALSE,,,,,,
,,FALSE,,,,,,
,,FALSE,,,,,,
,,FALSE,,,,,,
,,FALSE,,,,,,
,,FALSE,,,,,,
,,FALSE,,,,,,
,,FALSE,,,,,,
,,FALSE,,,,,,
,,FALSE,,,,,,
,,FALSE,,,,,,
,,FALSE,,,,,,
,,FALSE,,,,,,
,,FALSE,,,,,,
,,FALSE,,,,,,
,,FALSE,,,,,,
,,FALSE,,,,,,
,,FALSE,,,,,,
,,FALSE,,,,,,
,,FALSE,,,,,,
,,FALSE,,,,,,
,,FALSE,,,,,,
,,FALSE,,,,,,
,,FALSE,,,,,,
,,FALSE,,,,,,
,,FALSE,,,,,,
,,FALSE,,,,,,
,,FALSE,,,,,,
,,FALSE,,,,,,
,,FALSE,,,,,,
,,FALSE,,,,,,
,,FALSE,,,,,,
,,FALSE,,,,,,
,,FALSE,,,,,,
,,FALSE,,,,,,
,,FALSE,,,,,,
,,FALSE,,,,,,
,,FALSE,,,,,,
,,FALSE,,,,,,
,,FALSE,,,,,,
,,FALSE,,,,,,
,,FALSE,,,,,,
,,FALSE,,,,,,
,,FALSE,,,,,,
,,FALSE,,,,,,
,,FALSE,,,,,,
,,FALSE,,,,,,
,,FALSE,,,,,,
,,FALSE,,,,,,
,,FALSE,,,,,,
,,FALSE,,,,,,
,,FALSE,,,,,,
,,FALSE,,,,,,
,,FALSE,,,,,,
,,FALSE,,,,,,
,,FALSE,,,,,,
,,FALSE,,,,,,
,,FALSE,,,,,,
,,FALSE,,,,,,
,,FALSE,,,,,,
,,FALSE,,,,,,
,,FALSE,,,,,,
,,FALSE,,,,,,
,,FALSE,,,,,,
,,FALSE,,,,,,
,,FALSE,,,,,,
,,FALSE,,,,,,
,,FALSE,,,,,,
,,FALSE,,,,,,
,,FALSE,,,,,,
,,FALSE,,,,,,
,,FALSE,,,,,,
,,FALSE,,,,,,
,,FALSE,,,,,,
,,FALSE,,,,,,
,,FALSE,,,,,,
,,FALSE,,,,,,
,,FALSE,,,,,,
,,FALSE,,,,,,
,,FALSE,,,,,,
,,FALSE,,,,,,
,,FALSE,,,,,,
,,FALSE,,,,,,
,,FALSE,,,,,,
,,FALSE,,,,,,
,,FALSE,,,,,,
,,FALSE,,,,,,
,,FALSE,,,,,,
,,FALSE,,,,,,
,,FALSE,,,,,,
,,FALSE,,,,,,
,,FALSE,,,,,,
,,FALSE,,,,,,
,,FALSE,,,,,,
,,FALSE,,,,,,
,,FALSE,,,,,,
,,FALSE,,,,,,
,,FALSE,,,,,,
,,FALSE,,,,,,
,,FALSE,,,,,,
,,FALSE,,,,,,
,,FALSE,,,,,,
,,FALSE,,,,,,
,,FALSE,,,,,,
,,FALSE,,,,,,
,,FALSE,,,,,,
,,FALSE,,,,,,
,,FALSE,,,,,,
,,FALSE,,,,,,
,,FALSE,,,,,,
,,FALSE,,,,,,
,,FALSE,,,,,,
,,FALSE,,,,,,
,,FALSE,,,,,,
,,FALSE,,,,,,
,,FALSE,,,,,,
,,FALSE,,,,,,
,,FALSE,,,,,,
,,FALSE,,,,,,
,,FALSE,,,,,,
,,FALSE,,,,,,
,,FALSE,,,,,,
,,FALSE,,,,,,
,,FALSE,,,,,,
,,FALSE,,,,,,
,,FALSE,,,,,,
,,FALSE,,,,,,
,,FALSE,,,,,,
,,FALSE,,,,,,
,,FALSE,,,,,,
,,FALSE,,,,,,
,,FALSE,,,,,,
,,FALSE,,,,,,
,,FALSE,,,,,,
,,FALSE,,,,,,
,,FALSE,,,,,,
,,FALSE,,,,,,
,,FALSE,,,,,,
,,FALSE,,,,,,
,,FALSE,,,,,,
,,FALSE,,,,,,
,,FALSE,,,,,,
,,FALSE,,,,,,
,,FALSE,,,,,,
,,FALSE,,,,,,
,,FALSE,,,,,,
,,FALSE,,,,,,
,,FALSE,,,,,,
,,FALSE,,,,,,
,,FALSE,,,,,,
,,FALSE,,,,,,
,,FALSE,,,,,,
,,FALSE,,,,,,
,,FALSE,,,,,,
,,FALSE,,,,,,
,,FALSE,,,,,,
,,FALSE,,,,,,
,,FALSE,,,,,,
,,FALSE,,,,,,
,,FALSE,,,,,,
,,FALSE,,,,,,
,,FALSE,,,,,,
,,FALSE,,,,,,
,,FALSE,,,,,,
,,FALSE,,,,,,
,,FALSE,,,,,,
,,FALSE,,,,,,
,,FALSE,,,,,,
,,FALSE,,,,,,
,,FALSE,,,,,,
,,FALSE,,,,,,
,,FALSE,,,,,,
,,FALSE,,,,,,
,,FALSE,,,,,,
,,FALSE,,,,,,
,,FALSE,,,,,,
,,FALSE,,,,,,
,,FALSE,,,,,,
,,FALSE,,,,,,
,,FALSE,,,,,,
,,FALSE,,,,,,
,,FALSE,,,,,,
,,FALSE,,,,,,
,,FALSE,,,,,,
,,FALSE,,,,,,
,,FALSE,,,,,,
,,FALSE,,,,,,
,,FALSE,,,,,,
,,FALSE,,,,,,
,,FALSE,,,,,,
,,FALSE,,,,,,
,,FALSE,,,,,,
,,FALSE,,,,,,
,,FALSE,,,,,,
,,FALSE,,,,,,
,,FALSE,,,,,,
,,FALSE,,,,,,
,,FALSE,,,,,,
,,FALSE,,,,,,
,,FALSE,,,,,,
,,FALSE,,,,,,
,,FALSE,,,,,,
,,FALSE,,,,,,
,,FALSE,,,,,,
,,FALSE,,,,,,
,,FALSE,,,,,,
,,FALSE,,,,,,
,,FALSE,,,,,,
,,FALSE,,,,,,
,,FALSE,,,,,,
,,FALSE,,,,,,
,,FALSE,,,,,,
,,FALSE,,,,,,
,,FALSE,,,,,,
,,FALSE,,,,,,
,,FALSE,,,,,,
,,FALSE,,,,,,
,,FALSE,,,,,,
,,FALSE,,,,,,
,,FALSE,,,,,,
,,FALSE,,,,,,
,,FALSE,,,,,,
,,FALSE,,,,,,
,,FALSE,,,,,,
,,FALSE,,,,,,
,,FALSE,,,,,,
,,FALSE,,,,,,
,,FALSE,,,,,,
,,FALSE,,,,,,
,,FALSE,,,,,,
,,FALSE,,,,,,
,,FALSE,,,,,,
,,FALSE,,,,,,
,,FALSE,,,,,,
,,FALSE,,,,,,
,,FALSE,,,,,,
,,FALSE,,,,,,
,,FALSE,,,,,,
,,FALSE,,,,,,
,,FALSE,,,,,,
,,FALSE,,,,,,
,,FALSE,,,,,,
,,FALSE,,,,,,
,,FALSE,,,,,,
,,FALSE,,,,,,
,,FALSE,,,,,,
,,FALSE,,,,,,
,,FALSE,,,,,,
,,FALSE,,,,,,
,,FALSE,,,,,,
,,FALSE,,,,,,
,,FALSE,,,,,,
,,FALSE,,,,,,
,,FALSE,,,,,,
,,FALSE,,,,,,
,,FALSE,,,,,,
,,FALSE,,,,,,
,,FALSE,,,,,,
,,FALSE,,,,,,
,,FALSE,,,,,,
,,FALSE,,,,,,
,,FALSE,,,,,,
,,FALSE,,,,,,
,,FALSE,,,,,,
,,FALSE,,,,,,
,,FALSE,,,,,,
,,FALSE,,,,,,
,,FALSE,,,,,,
,,FALSE,,,,,,
,,FALSE,,,,,,
,,FALSE,,,,,,
,,FALSE,,,,,,
,,FALSE,,,,,,
,,FALSE,,,,,,
,,FALSE,,,,,,
,,FALSE,,,,,,
,,FALSE,,,,,,
,,FALSE,,,,,,
,,FALSE,,,,,,
,,FALSE,,,,,,
,,FALSE,,,,,,
,,FALSE,,,,,,
,,FALSE,,,,,,
,,FALSE,,,,,,
,,FALSE,,,,,,
,,FALSE,,,,,,
,,FALSE,,,,,,
,,FALSE,,,,,,
,,FALSE,,,,,,
,,FALSE,,,,,,
,,FALSE,,,,,,
,,FALSE,,,,,,
,,FALSE,,,,,,
,,FALSE,,,,,,
,,FALSE,,,,,,
,,FALSE,,,,,,
,,FALSE,,,,,,
,,FALSE,,,,,,
,,FALSE,,,,,,
,,FALSE,,,,,,
,,FALSE,,,,,,
,,FALSE,,,,,,
,,FALSE,,,,,,
,,FALSE,,,,,,
,,FALSE,,,,,,
,,FALSE,,,,,,
,,FALSE,,,,,,
,,FALSE,,,,,,
,,FALSE,,,,,,
,,FALSE,,,,,,
,,FALSE,,,,,,
,,FALSE,,,,,,
,,FALSE,,,,,,
,,FALSE,,,,,,
,,FALSE,,,,,,
,,FALSE,,,,,,
,,FALSE,,,,,,
,,FALSE,,,,,,
,,FALSE,,,,,,
,,FALSE,,,,,,
,,FALSE,,,,,,
,,FALSE,,,,,,
,,FALSE,,,,,,
,,FALSE,,,,,,
,,FALSE,,,,,,
,,FALSE,,,,,,
,,FALSE,,,,,,
,,FALSE,,,,,,
,,FALSE,,,,,,
,,FALSE,,,,,,
,,FALSE,,,,,,
,,FALSE,,,,,,
,,FALSE,,,,,,
,,FALSE,,,,,,
,,FALSE,,,,,,
,,FALSE,,,,,,
,,FALSE,,,,,,
,,FALSE,,,,,,
,,FALSE,,,,,,
,,FALSE,,,,,,
,,FALSE,,,,,,
,,FALSE,,,,,,
,,FALSE,,,,,,
,,FALSE,,,,,,
,,FALSE,,,,,,
,,FALSE,,,,,,
,,FALSE,,,,,,
,,FALSE,,,,,,
,,FALSE,,,,,,
,,FALSE,,,,,,
,,FALSE,,,,,,
,,FALSE,,,,,,
,,FALSE,,,,,,
,,FALSE,,,,,,
,,FALSE,,,,,,
,,FALSE,,,,,,
,,FALSE,,,,,,
,,FALSE,,,,,,
,,FALSE,,,,,,
,,FALSE,,,,,,
,,FALSE,,,,,,
,,FALSE,,,,,,
,,FALSE,,,,,,
,,FALSE,,,,,,
,,FALSE,,,,,,
,,FALSE,,,,,,
,,FALSE,,,,,,
,,FALSE,,,,,,
,,FALSE,,,,,,
,,FALSE,,,,,,
,,FALSE,,,,,,
,,FALSE,,,,,,
,,FALSE,,,,,,
,,FALSE,,,,,,
,,FALSE,,,,,,
,,FALSE,,,,,,
,,FALSE,,,,,,
,,FALSE,,,,,,
,,FALSE,,,,,,
,,FALSE,,,,,,
,,FALSE,,,,,,
,,FALSE,,,,,,
,,FALSE,,,,,,
,,FALSE,,,,,,
,,FALSE,,,,,,
,,FALSE,,,,,,
,,FALSE,,,,,,
,,FALSE,,,,,,
,,FALSE,,,,,,
,,FALSE,,,,,,
,,FALSE,,,,,,
,,FALSE,,,,,,
,,FALSE,,,,,,
,,FALSE,,,,,,
,,FALSE,,,,,,
,,FALSE,,,,,,
,,FALSE,,,,,,
,,FALSE,,,,,,
,,FALSE,,,,,,
,,FALSE,,,,,,
,,FALSE,,,,,,
,,FALSE,,,,,,
,,FALSE,,,,,,
,,FALSE,,,,,,
,,FALSE,,,,,,
,,FALSE,,,,,,
,,FALSE,,,,,,
,,FALSE,,,,,,
,,FALSE,,,,,,
,,FALSE,,,,,,
,,FALSE,,,,,,
,,FALSE,,,,,,
,,FALSE,,,,,,
,,FALSE,,,,,,
,,FALSE,,,,,,
,,FALSE,,,,,,
,,FALSE,,,,,,
,,FALSE,,,,,,
,,FALSE,,,,,,
,,FALSE,,,,,,
,,FALSE,,,,,,
,,FALSE,,,,,,
,,FALSE,,,,,,
,,FALSE,,,,,,
,,FALSE,,,,,,
,,FALSE,,,,,,
,,FALSE,,,,,,
,,FALSE,,,,,,
,,FALSE,,,,,,
,,FALSE,,,,,,
,,FALSE,,,,,,
,,FALSE,,,,,,
,,FALSE,,,,,,
,,FALSE,,,,,,
,,FALSE,,,,,,
,,FALSE,,,,,,
,,FALSE,,,,,,
,,FALSE,,,,,,
,,FALSE,,,,,,
,,FALSE,,,,,,
,,FALSE,,,,,,
,,FALSE,,,,,,
,,FALSE,,,,,,
,,FALSE,,,,,,
,,FALSE,,,,,,
,,FALSE,,,,,,
,,FALSE,,,,,,
,,FALSE,,,,,,
,,FALSE,,,,,,
,,FALSE,,,,,,
,,FALSE,,,,,,
,,FALSE,,,,,,
,,FALSE,,,,,,
,,FALSE,,,,,,
,,FALSE,,,,,,
,,FALSE,,,,,,
,,FALSE,,,,,,
,,FALSE,,,,,,
,,FALSE,,,,,,
,,FALSE,,,,,,
,,FALSE,,,,,,
,,FALSE,,,,,,
,,FALSE,,,,,,
,,FALSE,,,,,,
,,FALSE,,,,,,
,,FALSE,,,,,,
,,FALSE,,,,,,
,,FALSE,,,,,,
,,FALSE,,,,,,
,,FALSE,,,,,,
,,FALSE,,,,,,
,,FALSE,,,,,,
,,FALSE,,,,,,
,,FALSE,,,,,,
,,FALSE,,,,,,
,,FALSE,,,,,,
,,FALSE,,,,,,
,,FALSE,,,,,,
,,FALSE,,,,,,
,,FALSE,,,,,,
,,FALSE,,,,,,
,,FALSE,,,,,,
,,FALSE,,,,,,
,,FALSE,,,,,,
,,FALSE,,,,,,
,,FALSE,,,,,,
,,FALSE,,,,,,
,,FALSE,,,,,,
,,FALSE,,,,,,
,,FALSE,,,,,,
,,FALSE,,,,,,
,,FALSE,,,,,,
,,FALSE,,,,,,
,,FALSE,,,,,,
,,FALSE,,,,,,
,,FALSE,,,,,,
,,FALSE,,,,,,
,,FALSE,,,,,,
,,FALSE,,,,,,
,,FALSE,,,,,,
,,FALSE,,,,,,
,,FALSE,,,,,,
,,FALSE,,,,,,
,,FALSE,,,,,,
,,FALSE,,,,,,
,,FALSE,,,,,,
,,FALSE,,,,,,
,,FALSE,,,,,,
,,FALSE,,,,,,
,,FALSE,,,,,,
,,FALSE,,,,,,
,,FALSE,,,,,,
,,FALSE,,,,,,
,,FALSE,,,,,,
,,FALSE,,,,,,
,,FALSE,,,,,,
,,FALSE,,,,,,
,,FALSE,,,,,,
,,FALSE,,,,,,
,,FALSE,,,,,,
,,FALSE,,,,,,
,,FALSE,,,,,,
,,FALSE,,,,,,
,,FALSE,,,,,,
,,FALSE,,,,,,
,,FALSE,,,,,,
,,FALSE,,,,,,
,,FALSE,,,,,,
,,FALSE,,,,,,
,,FALSE,,,,,,
,,FALSE,,,,,,
,,FALSE,,,,,,
,,FALSE,,,,,,
,,FALSE,,,,,,
,,FALSE,,,,,,
,,FALSE,,,,,,
,,FALSE,,,,,,
,,FALSE,,,,,,
,,FALSE,,,,,,
,,FALSE,,,,,,
,,FALSE,,,,,,
,,FALSE,,,,,,
,,FALSE,,,,,,
,,FALSE,,,,,,
,,FALSE,,,,,,
,,FALSE,,,,,,
,,FALSE,,,,,,
,,FALSE,,,,,,
,,FALSE,,,,,,
,,FALSE,,,,,,
,,FALSE,,,,,,
,,FALSE,,,,,,
,,FALSE,,,,,,
,,FALSE,,,,,,
,,FALSE,,,,,,
,,FALSE,,,,,,
,,FALSE,,,,,,
,,FALSE,,,,,,
,,FALSE,,,,,,
,,FALSE,,,,,,
,,FALSE,,,,,,
,,FALSE,,,,,,
,,FALSE,,,,,,
,,FALSE,,,,,,
,,FALSE,,,,,,
,,FALSE,,,,,,
,,FALSE,,,,,,
,,FALSE,,,,,,
,,FALSE,,,,,,
,,FALSE,,,,,,
,,FALSE,,,,,,
,,FALSE,,,,,,
,,FALSE,,,,,,
,,FALSE,,,,,,
,,FALSE,,,,,,
,,FALSE,,,,,,
,,FALSE,,,,,,
,,FALSE,,,,,,
,,FALSE,,,,,,
,,FALSE,,,,,,
,,FALSE,,,,,,
,,FALSE,,,,,,
,,FALSE,,,,,,
,,FALSE,,,,,,
,,FALSE,,,,,,
,,FALSE,,,,,,
,,FALSE,,,,,,
,,FALSE,,,,,,
,,FALSE,,,,,,
,,FALSE,,,,,,
,,FALSE,,,,,,
,,FALSE,,,,,,
,,FALSE,,,,,,
,,FALSE,,,,,,
,,FALSE,,,,,,
,,FALSE,,,,,,
,,FALSE,,,,,,
,,FALSE,,,,,,
,,FALSE,,,,,,
,,FALSE,,,,,,
,,FALSE,,,,,,
,,FALSE,,,,,,
,,FALSE,,,,,,
,,FALSE,,,,,,
,,FALSE,,,,,,
,,FALSE,,,,,,
,,FALSE,,,,,,
,,FALSE,,,,,,
,,FALSE,,,,,,
,,FALSE,,,,,,
,,FALSE,,,,,,
,,FALSE,,,,,,
,,FALSE,,,,,,
,,FALSE,,,,,,
,,FALSE,,,,,,
,,FALSE,,,,,,
,,FALSE,,,,,,
,,FALSE,,,,,,
,,FALSE,,,,,,
,,FALSE,,,,,,
,,FALSE,,,,,,
,,FALSE,,,,,,
,,FALSE,,,,,,
,,FALSE,,,,,,
,,FALSE,,,,,,
,,FALSE,,,,,,
,,FALSE,,,,,,
,,FALSE,,,,,,
,,FALSE,,,,,,
,,FALSE,,,,,,
,,FALSE,,,,,,
,,FALSE,,,,,,
,,FALSE,,,,,,
,,FALSE,,,,,,
,,FALSE,,,,,,
,,FALSE,,,,,,
,,FALSE,,,,,,
,,FALSE,,,,,,
,,FALSE,,,,,,
,,FALSE,,,,,,
,,FALSE,,,,,,
,,FALSE,,,,,,
,,FALSE,,,,,,
,,FALSE,,,,,,
,,FALSE,,,,,,
,,FALSE,,,,,,
,,FALSE,,,,,,
,,FALSE,,,,,,
,,FALSE,,,,,,
,,FALSE,,,,,,
,,FALSE,,,,,,
,,FALSE,,,,,,
,,FALSE,,,,,,
,,FALSE,,,,,,
,,FALSE,,,,,,
,,FALSE,,,,,,
,,FALSE,,,,,,
,,FALSE,,,,,,
,,FALSE,,,,,,
,,FALSE,,,,,,
,,FALSE,,,,,,
,,FALSE,,,,,,
,,FALSE,,,,,,
,,FALSE,,,,,,
,,FALSE,,,,,,
,,FALSE,,,,,,
,,FALSE,,,,,,
,,FALSE,,,,,,
,,FALSE,,,,,,
,,FALSE,,,,,,
,,FALSE,,,,,,
,,FALSE,,,,,,
,,FALSE,,,,,,
,,FALSE,,,,,,
,,FALSE,,,,,,
,,FALSE,,,,,,
,,FALSE,,,,,,
,,FALSE,,,,,,
,,FALSE,,,,,,
,,FALSE,,,,,,
,,FALSE,,,,,,
,,FALSE,,,,,,
,,FALSE,,,,,,
,,FALSE,,,,,,
,,FALSE,,,,,,
,,FALSE,,,,,,
,,FALSE,,,,,,
,,FALSE,,,,,,
,,FALSE,,,,,,
,,FALSE,,,,,,